osm_id,osm_type,nombre,direccion,ciudad,telefono,whatsapp,website,horario,marca,latitud,longitud
node/356504538,node,Farmacia,,,,,,,,19.4609149,-70.6843802
node/370200557,node,Farmacia Jorge,"España, Santiago",Santiago,,,,,,19.451591,-70.7042984
node/370891949,node,Farmacia sin nombre,,,,,,,,19.447991,-70.6778764
node/370913469,node,Farmacia Restauracion,"Calle Restauración, Santiago",Santiago,+18092476424,,,,,19.4522592,-70.6997945
node/583855967,node,Farmacia Carol,Avenida Independencia,,,,,,,18.4687682,-69.8942102
node/596693473,node,Farmacia sin nombre,,,,,,,,18.4740936,-69.8880694
node/809969124,node,Farmacia Rozon,"Calle Principal 11, Batey Uno",Batey Uno,+18093360254,,,,,19.4803081,-70.7851837
node/927722578,node,Farmacia Carol,,,,,,,,18.4713324,-69.9374243
node/927722583,node,Farmacia Brasil,,,,,,,,18.4669418,-69.9432474
node/928335594,node,Farmacia Lincoln,,,,,,,,18.4739892,-69.9346066
node/941794476,node,Farmacia Carol,,,,,,,,18.4756112,-69.9233055
node/956366530,node,Farmacia Rafelito,,,,,,,,19.4674619,-70.7000023
node/1239450996,node,Pharmacia del Pueblo,,,,,,,,18.4734076,-69.8919761
node/1391142515,node,Farmacia sin nombre,,,,,,,,19.7651122,-70.5159826
node/1593022580,node,Pharmacy,,,,,,,,19.8920712,-70.9619072
node/1645804915,node,Farmacia sin nombre,,,,,,,,19.3128223,-69.5455859
node/1661639864,node,jeantte,,,,,,,,18.5001004,-69.847565
node/1668200697,node,Farmacia Romaplex,,,,,,,,18.4629457,-69.9638461
node/1673956928,node,Farmacia Ferreira,,,,,,,,19.2235292,-70.5135084
node/1674020413,node,Farmacia Del Valle,,,,,,,,19.2248056,-70.5206108
node/1674020423,node,Farmacia Olimpica 1,,,,,,,,19.2248664,-70.5227244
node/1674119176,node,Farmacia San Pancracio,"Calle Gral. Juan Rodriguez, La Vega",La Vega,,,,,,19.2245533,-70.5271194
node/1679169309,node,Farma Xtra,,,,,,,,18.4309345,-69.9727876
node/1679229652,node,Farmacia O&D,,,,,,,,18.4324431,-69.9656824
node/1704912394,node,Farmacia sin nombre,,,,,,,,19.4583791,-70.6983898
node/1704915307,node,Farmacia La Fuente II,"Avenida Bartolomé Colón, Santiago de los Caballeros",Santiago de los Caballeros,,,,,,19.4586089,-70.700897
node/1784971707,node,Farmacia Villa Fundacion,,,,,,,,18.2806929,-70.497339
node/1837180844,node,Farmacia San José,,,,,,,,18.9076465,-70.74475
node/1847511785,node,Carol,,,,,,,,18.4712515,-69.9141538
node/1850595534,node,Farmax,Avenida Independencia,,,,,,,18.4669715,-69.8955471
node/1871529988,node,Farmacia Europa,"Avenida Tiradentes, Santo Domingo",Santo Domingo,,,,,,18.4805505,-69.9286994
node/1883856558,node,Farmacia Los Hidalgos,,,,,,,,18.4847091,-69.8404105
node/1884358240,node,Farmax,,,,,,,,18.4651933,-69.928971
node/1885696343,node,Farmacia Dary's,,,+18095823161,,,,,19.4551883,-70.6849719
node/2069165909,node,Farmacia Rosina,,,,,,,,18.4910419,-69.904287
node/2069166742,node,Farmacia Rita,,,,,,,,18.4864578,-69.9065505
node/2075538652,node,Farmacias Los Hidalgos,,,,,,,,18.5082462,-69.9483115
node/2141062027,node,Farmacia San Rafael,,,+18095713480,,,,,19.7638014,-70.5140455
node/2141062031,node,Pharmacia Sosua,,,,,,,,19.7632476,-70.5164528
node/2232231405,node,Farmacia Doña Rosa,"Avenida Los Beisbolistas, Santo Domingo Oeste",Santo Domingo Oeste,+18093791228,,,,,18.4852176,-69.9978415
node/2235191306,node,Farmacia Romy,,,,,,,,18.4704923,-69.9727572
node/2339444520,node,Farmacia ALLAN,Prof. Juan Bosch,,,,,,,19.3148053,-70.540369
node/2360576887,node,Farmacia Las Mercedes,Calle Profesor Juan Bosch,,,,,,,19.2242871,-70.5295326
node/2365189077,node,Farmacia Miguelito,,,,,,,,19.1221522,-70.6419007
node/2389927326,node,Farmacia San Luís,,,,,,,,19.3659806,-69.8511614
node/2389945323,node,Botica Divino Niño,,,,,,,,19.3764334,-69.8530241
node/2394171043,node,Farmacia Nina,,,,,,,,18.4865193,-69.9015652
node/2425904670,node,Farmax,,,,,,,,18.6386773,-68.3976843
node/2426977395,node,Farmacia ALLAN,Prof. Juan Bosch,,,,,,,19.2920916,-70.5427186
node/2530178701,node,Farmacia San Antonio,,,,,,,,19.6637418,-71.1997098
node/2590998155,node,Farmacia sin nombre,,,,,,,,18.3499078,-68.8290642
node/2683849603,node,Bicar Farmacia,,,,,,,,18.5459368,-70.5076345
node/2683849621,node,Farmacia Milagros,,,,,,,,18.5448005,-70.507588
node/2720148348,node,Farmacia Nacional,,,,,,,,19.2979038,-70.2557218
node/2720148352,node,Farmacia Dsalud,,,,,,,,19.3016973,-70.2581647
node/2720315293,node,Farmacia Inmaculada,,,,,,,,19.2945994,-70.2545396
node/2720351522,node,Farmacia Santa Maria,,,,,,,,19.2969684,-70.255732
node/2720351531,node,Farmacia San Pedro,"27 de febrero, SAN FRANCISCO DE MACORIS",SAN FRANCISCO DE MACORIS,,,,,,19.2988656,-70.2592046
node/2724969729,node,Farmacia San Rafael,,,,,,,,19.2948064,-70.2547054
node/2724969732,node,Farmacia Jerusalen,,,,,,,,19.2927222,-70.2586067
node/2725008213,node,Farmacia San Isidro,,,,,,,,19.3048128,-70.2561106
node/2731017230,node,Farmacia Bijao,,,,,,,,19.3271996,-70.2807332
node/2735690614,node,Farmacia Santa Ana,,,,,,,,19.3741477,-70.3517678
node/2735690626,node,Farmacia Lourdes,G.Hernandez-Tenares,,,,,,,19.3755047,-70.3517438
node/2752459849,node,Farmacia Mildeys,,,,,,,,19.3726173,-70.3503688
node/2766878663,node,Farmacia Amyn,,,,,,,,19.1320443,-70.3761386
node/2901346815,node,Farmacia Nieves Papaterra,,,,,,,,19.6288184,-70.2797139
node/2910888909,node,Farmacia Estrella,,,,,,,,19.3788943,-70.4173703
node/2989374127,node,Farmacia Santa Rosa,,,,,,,,19.3012497,-70.2584659
node/3054658466,node,Farmacia San Miguel,,,,,,,,19.1249711,-70.6402515
node/3062417929,node,Farma Xtra,,,,,,,,18.4747902,-69.9578193
node/3066005055,node,Laboratorio Referencia,,,,,,,,18.4623961,-69.957703
node/3083839185,node,Farmacia Inés II,San Vincente de Paul,,,,,,,18.4977334,-69.8523125
node/3083850655,node,Farmacia San Rafael,,,,,,,,18.4942334,-69.8542266
node/3090108167,node,Farmacia Patrizo,,,,,,,,18.492873,-69.8694227
node/3090109129,node,Farmacia Cesar,,,,,,,,18.4944441,-69.8670379
node/3094910782,node,Farmacia Lovera,,,,,,,,19.4856756,-70.7113783
node/3106202615,node,Farmacia Ciby,,,,,,,,18.486498,-69.9022804
node/3121425126,node,Farmacia Santa Ana S.R.L.,"Avenida Presidente Francisco Gregorio Billini, Baní",Baní,+18093802525,,,,,18.278711,-70.3327525
node/3137509987,node,Farmacia 1,,,,,,,,18.9058937,-70.2785989
node/3191852566,node,Farmacia Villa Juana,,,,,,,,18.4898553,-69.906791
node/3213588408,node,Farmacia Villa España,,,,,,,,18.4294401,-68.982798
node/3216771020,node,Farmax,"Avenida Tiradentes, Santo Domingo",Santo Domingo,,,,,,18.4779162,-69.9271778
node/3292231103,node,FarmaXtra Naco,,,,,,,,18.4736785,-69.9209223
node/3350359012,node,Laboratorio Referencia Don Bosco,Avenida Francia 70,,+809221554524462447,,https://www.labreferencia.com/,,,18.4756183,-69.9044479
node/3350392163,node,Laboratorio Amadita,,,,,,,,18.4709616,-69.9137383
node/3350500960,node,Laboratorio Referencia,Avenida Independencia 202,,+18092215545,,,"Mo-Su,PH 00:00-00:00",,18.4666754,-69.8953786
node/3355152997,node,Farmacia Los Hidalgos,Avenida 27 de Febrero 253,,+18095414848,,,,,18.4664223,-69.9292422
node/3360358128,node,Carol Farmacia,,,,,,,,18.4755193,-69.9360812
node/3365366619,node,Laboratorio Amadita,,,,,,,,18.474684,-69.9360744
node/3381286707,node,Farmacia Barbara Maria,,,,,,,,18.4505206,-69.6059018
node/3392770442,node,Farmacia Otis,,,,,,,,18.4831138,-69.9031402
node/3396311749,node,Laboratorios Laaned,Calle Cub Scout 21,,+18095628196,,,,,18.4686379,-69.9274177
node/3396316752,node,Luis E. Betances,,,+18095635831,,http://luisbetances.com/,,,18.4685552,-69.9265649
node/3418535443,node,FarmaXtra,,,,,,,,18.4742424,-69.9260499
node/3436016594,node,We Care Drug Store,,,,,,,,19.7495857,-70.4120031
node/3436016802,node,Farmacia San Rafael,,,,,,,,19.7500703,-70.4059641
node/3438463484,node,Laboratorio Doctor Collado,,,,,,,,18.479044,-69.9433526
node/3467706627,node,Farmacia Calderon,,,,,,,,19.2966126,-70.2509499
node/3507797115,node,Farmacia Ana,San Vicente de Paúl,,,,,,,18.5096295,-69.8619518
node/3564657516,node,Farmacia San Luis,"132, Nagua",Nagua,,,,,,19.3667564,-69.8514457
node/3608968792,node,Farmacia Candilejas,,,,,,,,19.0990906,-70.1670527
node/3622681971,node,farmacia almirante,Calle Miguel Diaz,,,,,Mo-Sa 08:00-18:00; Su 08:00-18:00,,18.5266912,-69.8141236
node/3663683371,node,Farmacia Carol,,,,,,,,18.4692732,-69.9395159
node/3682839245,node,Pharmacia,,,,,,,,18.9021882,-70.2672049
node/3684912782,node,Telefarma,,,,,,,,18.4719918,-69.9218159
node/3755222327,node,Farmacia sin nombre,,,,,,,,18.3680797,-68.8391907
node/3816387580,node,Farma Xtra,,,,,,,,18.475015,-69.9426084
node/3876655913,node,Farmax,,,,,,,,18.4341726,-68.9937304
node/3920866895,node,Silimed,Mustafa Kemal Ataturk,,,,,,,18.4717657,-69.9212012
node/4002952345,node,Farmacia Puerto Rico 2,,,+18095915060,,,,,18.4900397,-69.8535491
node/4052871384,node,Vitasalud,,,,,,,,19.2764139,-70.2407112
node/4085643765,node,Carxal,"Avenida República De Argentina, Santiago",Santiago,,,,,,19.4537313,-70.6858919
node/4086914495,node,Farma Xtra,Avenida Independencia,,,,,,,18.4708037,-69.8916253
node/4087075924,node,Wah Hing Trading Farmaceutica,Calle Benito González,,,,,,,18.4787245,-69.8878172
node/4088693738,node,Farmacia Eunice,Calle 16 de Agosto,,,,,,,18.474119,-69.893648
node/4088705655,node,Farmacia Thasulij,,,+18095655112,,,,,18.4711528,-69.9181304
node/4088749803,node,Farmacia Caribe,Calle Palo Hincado,,,,,,,18.4724274,-69.8914242
node/4088808801,node,Farmacia Carol,Avenida México,,,,,,,18.4770636,-69.8916656
node/4088935755,node,Farmacia Sofia,,,,,,,,18.4762687,-69.8914236
node/4089156327,node,Farmacia sin nombre,Calle Fabio Fiallo,,,,,,,18.4677353,-69.8942914
node/4089415149,node,Farmacia Rachell,"Avenida 26 De Enero, Santo Domingo",Santo Domingo,,,,,,18.4736393,-69.8559789
node/4090174739,node,Farmacia Ligia,Calle Padre Billini,,,,,,,18.4692458,-69.890978
node/4090606308,node,Farmacia Carol,,,,,,,,18.473315,-69.8972274
node/4090739426,node,Farmacia Aybar II D Cristian,Calle Juan Bastista Vicini,,,,,,,18.4812415,-69.8935932
node/4090769495,node,Farmacia San Ramón,Calle Monte Christi,,,,,,,18.4791168,-69.8955638
node/4097657815,node,Farmacia Doña Chucha,Calle Maria Viuda de La Cruz Doña Cucha,,,,,,,18.4979961,-69.8888326
node/4097731637,node,Super Farmacia El Amor de Cristo,Avenida Independencia,,,,,,,18.4624531,-69.9046367
node/4097759392,node,Farmacia Carmina,Avenida Independencia,,,,,,,18.4654584,-69.8981375
node/4097912163,node,Farmacia sin nombre,,,,,,,,19.4102394,-70.6404953
node/4097990929,node,Farmacia L&V,Calle Francisco Henríquez y Carvajal,,,,,,,18.4824282,-69.9022676
node/4098089059,node,Farmacia Europa,Avenida Los Palmeros. Marginal Las Américas,,+18095596837+18095996111,,,,,18.4653576,-69.8176022
node/4098308521,node,Farmacia Rosa,,,,,,,,19.461321,-70.7036859
node/4098308537,node,Farmacia Grecia,,,,,,,,18.4983292,-69.8917845
node/4098548586,node,Farmacia Miledy,"Los Rosales, Santiago",Santiago,,,,,,19.4348199,-70.6613832
node/4099980295,node,Farmacia ADA,Avenida Nicolás de Ovando,,,,,,,18.5029388,-69.9013304
node/4099986446,node,Super Farmacia Altagracia,Avenida Nicolás de Ovando,,,,,,,18.5023819,-69.902085
node/4100596682,node,Farmacia Fantino,Avenida Duarte,,,,,,,18.4915236,-69.8980632
node/4100826930,node,Los Hidalgos,Avenida 27 de Febrero,,,,,,,18.4765448,-69.9117918
node/4100891190,node,Farmacia Shalimar's,"Carretera Don Pedro, Santiago",Santiago,,,,,,19.4598361,-70.661176
node/4100891454,node,Pharma Salud,"Avenida 27 de Febrero, Santiago",Santiago,,,,,,19.4645043,-70.6703225
node/4102190484,node,Luz Divina,"Calle Jerusalén, Santo Domingo",Santo Domingo,,,,,,18.4745252,-69.8567147
node/4102624421,node,Farmacia sin nombre,,,,,,,,18.4871208,-69.9142853
node/4102694237,node,Farmacia Los Multi,Calle San Juan de la Maguana,,,,,,,18.5019263,-69.9152046
node/4102749614,node,Farmacia sin nombre,,,,,,,,18.5080009,-69.9151508
node/4102788676,node,Farma Xtra,,,,,,,,18.4839077,-69.9594988
node/4102796277,node,Farmacia Marine Cruz,Calle Los Haitices,,,,,,,18.5187898,-69.9175059
node/4103042966,node,Farmacia sin nombre,,,,,,,,18.4756118,-69.9065325
node/4103130687,node,Farmacia Mercado,"Avenida 27 de Febrero, Santiago",Santiago,,,,,,19.4660603,-70.6656201
node/4103517647,node,Farmacias Fuente-San Luis,,,+18295752772,,,,,19.469274,-70.7104209
node/4103544392,node,Farmacia Villa Claudia,Calle Los Angeles,,,,,,,18.5010424,-69.9895928
node/4103611836,node,Farmacia Ana Maria,"Avenida Imbert, Santiago de los Caballeros",Santiago de los Caballeros,+18092952591,,,,,19.471028,-70.7113088
node/4103619685,node,Farmacia Raymy,Anacaona,,,,,,,18.5229944,-69.9152772
node/4103663372,node,Farmacia Ian,Carlos Ml. Cespedes,,,,,,,18.5181072,-69.9068294
node/4103734687,node,Farmacia,,,+18092953126,,,,,19.4804722,-70.7181698
node/4105485577,node,Farmacia Las 3N,"Av. Nuñez De Cácerez, Sanitago",Sanitago,,,,,,19.424682,-70.7126029
node/4105554929,node,Farmacia San Martin,Avenida Hermanas Mirabal,,,,,,,18.5298736,-69.908352
node/4105609201,node,Farmacia Buena Vista,Avenida Penetración,,,,,,,18.5306775,-69.906695
node/4105661189,node,Botifarma,Las Violetas,,,,,,,18.5265549,-69.8953569
node/4106025982,node,Farmacia Rx,"Avenida Circunvalacion, Santiago de los Caballeros",Santiago de los Caballeros,,,,,,19.473725,-70.720237
node/4108275167,node,Farmacia Aurora,Placina Josue,,,,,,,18.5384882,-69.8845274
node/4108311814,node,Farmacia Anlly,Autopista Duarte,,,,,,,19.4058431,-70.6360701
node/4108541780,node,Farmacia Los Tanquecitos,"Respaldo 1ra, André",André,,,,,,18.4597604,-69.6285796
node/4114540897,node,Farmacia YNA,,,,,,,,19.4866335,-70.7188558
node/4114548684,node,Farmacia sin nombre,,,,,,,,18.5528129,-69.9023539
node/4114618156,node,Farmacia Inmaculada,"Pedro Fco. Bonó Deschamps, Santiago",Santiago,,,,,,19.4545729,-70.7005633
node/4114697629,node,Farmacia Santa Lucía,"Avenida Las Carreras, Santiago de los Caballeros",Santiago de los Caballeros,,,,,,19.4532993,-70.6983647
node/4114697653,node,Farmacia Leticia,"Avenida Las Carreras, Santiago",Santiago,,,,,,19.454162,-70.7016421
node/4114848781,node,Farmacia Grudy,"Pedro Fco. Bonó Deschamps, Santiago",Santiago,,,,,,19.4545264,-70.7002797
node/4114852615,node,Farmacia Roland,Calle 4ta,,,,,,,18.4787693,-69.822426
node/4114906931,node,Farmacia R&E,Calle Brisa,,,,,,,18.4773811,-69.8033676
node/4114971394,node,Farmacia Luis Miguel,,,,,,,,18.4734814,-69.7946431
node/4115098635,node,Farmacia L&J,Calle 7ma,,,,,,,18.5538681,-69.895414
node/4115136457,node,Super Farmacia Camille,Avenida Coronel Rafael Tomás Fernández Domínguez,,,,,,,18.4942969,-69.8072495
node/4115184834,node,Farmacia Tony,Avenida Hípica,,+18092318902,,,,,18.4809348,-69.8167361
node/4115195377,node,Farmacia Lidia,"Avenida Bartolomé Colón, Santiago",Santiago,,,,,,19.4664427,-70.6903402
node/4117003062,node,Farmacia El Bienstar,"Padre Las Casas, Santiago",Santiago,,,,,,19.4685208,-70.6924107
node/4117018203,node,Farmacia Yamila,"Calle Las Habras, Santo Domingo",Santo Domingo,,,,,,18.4875535,-69.973078
node/4117041483,node,Farmacia Nilda,Avenida Sánchez,,,,,,,18.5444997,-69.9276938
node/4117066941,node,Farmacia Leidsa,Calle Frey Anton Montecino,,,,,,,18.5410858,-69.9260764
node/4117100947,node,Farmahorro,"Calle Restauración, Santiago",Santiago,,,,,,19.4530957,-70.7072923
node/4117147625,node,Farma Value,"Avenida Francia, Santiago",Santiago,,,,,,19.4486011,-70.6959403
node/4117234054,node,Farmacia sin nombre,,,,,,,,18.5609628,-69.9370929
node/4117413278,node,Farmatodo,"Calle 30 de Marzo, Santiago",Santiago,,,,,Farmatodo,19.4539405,-70.7055152
node/4119287123,node,Farmacia Popular Cristobal,"Avenida Constitucion, San Cristóbal",San Cristóbal,,,,,,18.4224822,-70.1155136
node/4119456677,node,Farmacia sin nombre,,,,,,,,18.4518084,-69.9730393
node/4119589807,node,Farmacia Gio,,,+18092419084,,,,,19.4450435,-70.6715713
node/4119685783,node,Farmacentro,,,+18095832122,,,,,19.4510043,-70.681449
node/4121438063,node,Farmacia Cuesta,"Avenida Tiradentes, Santo Domingo",Santo Domingo,,,,,,18.4773339,-69.9277797
node/4121539129,node,Farmacia Fontana,,,,,,,,18.5065033,-69.9586718
node/4121603774,node,Farmacias Fuente San Luis,,,,,,,,19.4555732,-70.6658922
node/4121961033,node,Farmacia Villa Olga,,,,,,,,19.4552815,-70.6751461
node/4122099569,node,Farmacia Carol,"Avenida Lope de Vega, Santo Domingo",Santo Domingo,,,,,,18.4725628,-69.931673
node/4123369889,node,Farmacia Constanza,General Gregorio Luperon,,+18095392880,,,Mo-Su 07:30-21:00,,18.9089708,-70.7473402
node/4124261952,node,Farma Blue,"Calle Federico Geraldino, Santo Domingo",Santo Domingo,,,,,,18.4754498,-69.9384637
node/4124281222,node,Farmacia Bernado,"Calle Padre Borbón, San Cristóbal",San Cristóbal,,,,,,18.4155099,-70.1112648
node/4124346842,node,Farma Xpress,,,,,,,,18.480288,-69.9411588
node/4124461605,node,Superfarmacia Nacional,,,,,,,,19.4517793,-70.7037786
node/4124540640,node,Farmacia sin nombre,,,,,,,,18.497643,-69.7925482
node/4124540665,node,Primium,"Calle Penetracion 6, Santo Domingo Este",Santo Domingo Este,+18097480283,,,Lu-Sa 08:00-22:00; Do off,,18.4960761,-69.7983651
node/4124589421,node,Farmacia Cynthia,,,,,,,,18.4881378,-69.8888559
node/4124589440,node,Farmacia,,,,,,,,18.4921254,-69.8918286
node/4128366603,node,Farmacia Carol Metro Country Club,,,,,,,,18.4281605,-69.4165699
node/4129054890,node,Farmacia Luis Migel,Avenida El Eden,,,,,,,18.4734289,-69.7945719
node/4130909414,node,Farmacia Greliz,Avenida Principal Dr Hector B Jimenez,,,,,,,18.4918257,-69.7864165
node/4131213387,node,FarmaXtra,,,,,,,,18.4765281,-69.9741763
node/4131416658,node,Farmacia Efigenia,,,,,,,,18.4763485,-69.983488
node/4131573599,node,Farmacia Pujols,Calle 8,,,,,,,19.4745206,-70.6765125
node/4131652396,node,Farma Xtra,"Carretera Mella, Santo Domingo Este",Santo Domingo Este,,,,,,18.5108787,-69.8483384
node/4131652438,node,Centro Dental Stetic Plus,"Carretera Mella, Santo Domingo Este",Santo Domingo Este,,,,,,18.5142169,-69.8435304
node/4133164989,node,Farmacia Medicar,,,,,,,,18.4616377,-69.9519751
node/4133500221,node,Farmacia Alianza,"Calle Del Sol, Santiago",Santiago,,,,,,19.452156,-70.7128002
node/4133570319,node,Farmacias Los Pinos,"Avenida Las Carreras, Santiago de los Caballeros",Santiago de los Caballeros,,,,,,19.4542956,-70.702148
node/4133599404,node,Farmacia Yamila,"Calle Jilguerillo, Santo Domingo",Santo Domingo,,,,24/7,,18.5058073,-69.9811634
node/4133819273,node,Farmacia Los Cerros,Carretera Luperón,,,,,,,19.4704072,-70.6837668
node/4134450796,node,Farmacia GBC,"Avenida República de Colombia, Santo Domingo",Santo Domingo,,,,,,18.5068751,-69.9783166
node/4136172429,node,Farmahorro,,,,,,,,18.466115,-69.9538731
node/4136981286,node,Farmacia Keisy Omar,,,,,,,,18.4803183,-70.0009491
node/4136986953,node,Farmacity1,,,,,,,,18.487358,-69.8340798
node/4136990603,node,Nos Farma,,,,,,,,18.4859603,-69.8422075
node/4137031914,node,Farmacia Boulevar,,,,,,,,18.4807829,-69.8577813
node/4137281523,node,Farmacia Gigante,"Avenida Charles de Gaulle, Santo Domingo este",Santo Domingo este,+18095984565,,,,,18.5126055,-69.8309436
node/4139483995,node,Farmacia sin nombre,,,,,,,,18.4497473,-69.9670422
node/4139554815,node,Farmacia Jerding,,,,,,,,18.4627642,-69.9578894
node/4139554820,node,Farma Xtra,,,,,,,,18.4644192,-69.9582413
node/4141338928,node,Super Farmacia Felicidad,,,,,,,,18.4831314,-70.000003
node/4141432291,node,ChaRxles,,,,,,,,18.4997068,-69.8238242
node/4141464933,node,Farmacia Xtra,,,,,,,,18.4863193,-69.8357979
node/4141622665,node,Farmacia Cristiana,Avenida Padre Castellanos Calle 17,,+18096846263,,,,,18.496802,-69.8940264
node/4141673818,node,Farmacia Ines,Avenida Padre Castellanos Calle 17,,,,,,,18.5026034,-69.8856288
node/4141747415,node,Farmacia Europa,San Vicente de Paúl,,+18095963680,,,,,18.5098406,-69.866685
node/4141869866,node,Farmasil,"Avenida Winston Churchill, Santo Domingo",Santo Domingo,,,,,,18.4666628,-69.9373835
node/4147107180,node,Farmax-Pole,Calle Caminio Chiquito (Luis Amiamia Tio),,,,,,,18.4921016,-69.9322093
node/4147191217,node,Super Farmacia Sandra,"Avenida Los Constiyuentes, San Cristóbal",San Cristóbal,,,,,,18.4196529,-70.1017206
node/4147234928,node,Farma Xtra,Avenida Jiménez Moya,,,,,24/7,,18.4533171,-69.9286748
node/4147269679,node,Farmacia Santa Teresa V,Calle 14 de Junio,,,,,,,18.4880226,-69.9168687
node/4147332104,node,Farmacia San Cosme,,,,,,,,18.4862113,-69.9156684
node/4147332154,node,Farmacia E&G,,,,,,,,18.4852155,-69.9108926
node/4147391235,node,Super Farmacia Ritalex,Avenida Independencia,,,,,,,18.4385547,-69.951068
node/4147418290,node,Farmacia Krishelle,,,,,,,,18.4343224,-69.9605844
node/4147447395,node,Farmacia Baik II,Avenida Independencia,,,,,,,18.4330917,-69.96327
node/4147516892,node,Farma Xtra,,,,,,,,18.4316324,-69.9692842
node/4147583421,node,Farma Xtra,,,,,,,,18.4442124,-69.9460219
node/4147614060,node,Farm-Kar II,Avenida Nicolás de Ovando,,,,,,,18.4996603,-69.9189074
node/4147682006,node,Farmacia Las Flores,San Juan de la Maguana,,,,,,,18.5015528,-69.915714
node/4147805884,node,Farmacia del Pueblo,"Avenida Dr Pedro A. Columna, Bonao",Bonao,,,,,,18.9370085,-70.4113571
node/4147853544,node,Farmacia sin nombre,Avenida Correa y Cidrón,,,,,,,18.4572151,-69.9210094
node/4149506810,node,Farmacia sin nombre,,,,,,,,18.4870244,-69.9189554
node/4149563150,node,FarmaTem,,,,,,,,18.4853767,-69.9078191
node/4149640526,node,Farmacia Hector,Calle Juan Erazo,,,,,,,18.4908816,-69.9065879
node/4149647787,node,Farmacia,"Avenida Duarte, Villa Altagracia",Villa Altagracia,,,,,,18.6722535,-70.1745253
node/4149788363,node,Farmacia Karen,Avenida Nicolás de Ovando,,,,,,,18.4991441,-69.9239052
node/4149799314,node,Super Farmacia Denia,Avenida Nicolás de Ovando,,,,,,,18.4990699,-69.9249459
node/4149812821,node,Farmacia M&H,Avenida Nicolás de Ovando,,,,,,,18.4988819,-69.9280571
node/4149824172,node,Farmacia Allan,Santo Cerro,,,,,,,19.2863046,-70.5733844
node/4149943431,node,Farmacia sin nombre,,,,,,,,18.4915745,-69.9299226
node/4150068901,node,Farmacia San Rafael,"Don Antonio Guzman Fernandez, La Vega",La Vega,,,,,,19.2235209,-70.5324829
node/4151535267,node,Telefarma,"Avenida Sabana Larga, Santo Domingo Este",Santo Domingo Este,,,,,,18.4911731,-69.8651631
node/4151948666,node,Farmacia Lennin,"Carretera Mella, Santo Domingo Este",Santo Domingo Este,,,,,,18.4950002,-69.8628142
node/4151973561,node,"Farmacia ""Santo Domingo Savio""","Don Luis Despradel, La Vega",La Vega,,,,,,19.2256242,-70.5319033
node/4151982899,node,Farmacia sin nombre,,,,,,,,18.4906337,-69.8498262
node/4152020610,node,Farmacia Sebastian1,"Carretera Mella, Santo Domingo Este",Santo Domingo Este,,,,,,18.5042563,-69.8581575
node/4153744656,node,Farmacia Eden 1,Avenida Fernandez Navarrete,,,,,,,18.5119773,-69.8691993
node/4153923211,node,Farmacia sin nombre,,,,,,,,18.5386906,-69.8610818
node/4153938297,node,Distrubuidora Farmaceutica Emmanuel,"Calle Duarte, Los Alcarrizos",Los Alcarrizos,,,,,,18.5241028,-70.0317047
node/4153942755,node,Boti-Farma,Calle 13,,,,,,,18.5395308,-69.8631613
node/4156184413,node,FarmaXtra,Avenida Correa y Cidrón,,,,,,,18.4613118,-69.9113199
node/4156184482,node,Farmacia Sandomar,Avenida Correa y Cidrón,,,,,,,18.4588558,-69.9166237
node/4156412987,node,Farmacia Nokaury,Telesforo Jaime,,,,,,,18.4719451,-70.0035545
node/4186470076,node,Copinfa,,,,,,,,18.4811514,-69.9212798
node/4188142963,node,Laboratorio Amadita,,,,,,,,18.5359213,-69.9060947
node/4188237279,node,Farmacia Maniel,,,,,,,,18.5311562,-69.9069476
node/4188499171,node,Laboratorio Patria Rivas,,,+18095693094,,,,,18.5274888,-69.9136102
node/4190466294,node,Farmacia Mima,Avenida Mella,,,,,,,19.0542299,-70.1528925
node/4202699089,node,Farmacia Mercury,"Avenida República De Argentina, Santiago",Santiago,,,,,,19.4501703,-70.674517
node/4202830989,node,Farmacia Rachelle,Carretera Don Pedro,,,,,,,19.4618277,-70.6547176
node/4203555189,node,Farma Ahorro,Juan Pablo Duarte,,,,,,,19.4583086,-70.6726328
node/4211789190,node,Farmacia Feliciano,27 de Febrero,,,,,,,19.5555676,-71.0722743
node/4211789389,node,Farmacia Mao,Duarte,,,,,,,19.5567061,-71.0728841
node/4211789391,node,Farmacia Bogaert,Duarte,,,,,,,19.555183,-71.0733589
node/4248407993,node,Farmacia Rosa,Padre Las Casas,,+18095821646,,,,,19.4719418,-70.6913728
node/4273605589,node,FarmAhorro,,,,,,,,19.4466824,-70.6667988
node/4282567695,node,Los Hidalgo,,,,,,,,18.4513263,-69.6722757
node/4293502193,node,EMBASSY Corporation,,,+18096897453,,,,,18.4696559,-69.8864813
node/4297344595,node,Farmacia angelo,Carretera de Mendoza 0,,,,,,,18.4982332,-69.8568468
node/4324626489,node,YANNA,,,,,,,,18.5088297,-69.8386832
node/4343318290,node,Farmacia Popular,Av. Manolo Tavárez Justo,,,,,,,19.787447,-70.6909368
node/4365339989,node,Farmacia Nieve,Imbert,,,,,,,19.3938968,-70.5269921
node/4377151409,node,Faarmacia  Los Jardines,"Villa Tapia - San Francisco, Villa Tapia",Villa Tapia,,,,,,19.2965874,-70.4130768
node/4377151414,node,Farmacia Ruth Esther,,,,,,,,19.2995023,-70.4263289
node/4392891292,node,VIP,,,,,,,,18.5054642,-69.9364105
node/4459651094,node,Farmacia del Sol,,,,,,,,19.4515609,-70.709395
node/4514634293,node,Farmacia luiggy,,,+8097880221,,,,,18.5162724,-69.8584015
node/4521157505,node,Farmacia Freddy,,,,,,,,18.5158142,-69.8305729
node/4584317370,node,Farmacia Carol,"Avenida Sarasota, Santo Domingo",Santo Domingo,,,,,,18.448292,-69.9538843
node/4584420123,node,Amadita Labortorio,,,,,,,,18.4508083,-69.9542514
node/4603455240,node,Farmacia sin nombre,,,,,,,,18.4488073,-69.9585969
node/4605022307,node,Farma Value,27 de Febrero 42,,,,,,,18.9409942,-70.4140845
node/4615503789,node,Farmacia Alfonsina,Av. Benito Monción,,+18095726234,,,,,19.5599624,-71.0791285
node/4627567489,node,Farmacia Crisyari,Avenida La Cordillera 46,,+18097416164,,,Mo-Su 09:00-21:00,,18.4848214,-70.0108216
node/4642461199,node,Farmacia La Parada,Desiderio Arias,,,,,,,19.5557707,-71.0770921
node/4642617890,node,Farmacia Tropicana,Carretera Moca - Cabarete,,,,,,,19.6376204,-70.4476058
node/4650946191,node,Farmacia del pueblo,,,,,,,,18.4992599,-69.8890429
node/4665592990,node,Farmacia sin nombre,"Carretera Mella, Santo Domingo Este",Santo Domingo Este,,,,,,18.5018151,-69.8603389
node/4665592991,node,Brebaje Medicinales y brujeria,Apollo II,,+18099419498,,,Mo-Su 09:00-17:00,,18.5153227,-69.8602072
node/4677055089,node,Farmacia mi gloria,Antonio Guzman Fernandez 809 247 0000,,+18092470000,,,Sa 08:00-20:00,,19.4409357,-70.715462
node/4682203389,node,Farmacia Medimed,Avenida Sarasota 45,,+18095346111,,,Mo-Fr 08:00-23:00; Sa 08:00-22:00,,18.4573704,-69.9355698
node/4686850302,node,Farmacia Cindy,Carretera Duarte,,+18095857072,,,,,19.6489414,-71.0981256
node/4687146298,node,Farmacia Del Parque,Arturo Bisonó,,,,,,,19.5613954,-70.8748536
node/4687255689,node,Super Farmacia Canela Bueno,Carretera Duarte,,+18096796943,,,,,19.5628901,-70.8880415
node/4695836389,node,Farmacia Samuel,Samaná-Puerto Plata,,+18097390222,,,,,19.6688131,-70.368411
node/4702473674,node,Chivo,,,,,,,,18.4877274,-69.8996352
node/4706942695,node,Farmacia Santa Rita,Máximo Cabral,,,,,,,19.5592105,-71.0724533
node/4707566690,node,Farmacia Nueva,Alberto Bogaert,,,,,,,19.55348,-71.0784714
node/4710625494,node,Farmacia Ananías,Sabaneta - Villa Los Almácigos,,+18095790387,,,,,19.4108471,-71.4380026
node/4713693205,node,Farmacia Rachelle,Federico Basilis,,+18095747448,,,,,19.1567138,-70.6011729
node/4713814790,node,Ecofarma,Avenida Independencia,,+18093659500,,,,,19.1226481,-70.642508
node/4720375091,node,Farmacia Emmy,Sabana Larga,,+18098220081,,,,,19.389674,-70.528173
node/4720375590,node,Farmacia Mercedes Candelier,Calle Moca - Los Robles,,+18095777181,,,,,19.422803,-70.511297
node/4721424689,node,Farmacia Candelier,Las Lagunas - Moca,,,,,,,19.4147795,-70.5191277
node/4722646190,node,MEDICAR GBC,Avenida Isabel Aguiar 104,,+18093630990,,,,,18.4651327,-69.974791
node/4723444291,node,Farmax,Avenida Benito Juarez,,,,,,,19.4576258,-70.6757089
node/4725955578,node,GBC,"Avenida Rómulo Betancourt, Santo Domingo",Santo Domingo,,,,,,18.4491148,-69.9569308
node/4726851092,node,Farmacia celicia,,,,,,,,18.5041781,-69.8718682
node/4738950623,node,Macrotech farma,Prolong Avenida 27 De Febrero,,,,,,,18.499993,-69.997458
node/4738950624,node,Amwey,Autopista Duarte,,,,https://www.amway.com.do/,Mo-Fr 09:00-18:00; Sa 09:00-16:00,,18.5000619,-69.9965028
node/4740503056,node,Farmacia Rayos de Luz,19 Marzo,,,,,,,19.5555996,-71.0768298
node/4740698627,node,Farmacia sin nombre,,,,,,,,18.5003497,-69.9073771
node/4750814823,node,Farmacia sin nombre,,,,,,,,18.4530632,-69.676733
node/4751575823,node,Farma Value,"Avenida Rómulo Betancourt 1516, Santo Domingo",Santo Domingo,+18095358855,,,,,18.4525426,-69.9492347
node/4751576855,node,Farma Value,"Avenida Roberto Pastoriza 315, Santo Domingo",Santo Domingo,+18092891515,,,,,18.4702102,-69.9286289
node/4751583221,node,Farma Value,"Calle Rafael J. Castillo 105, Santo Domingo",Santo Domingo,+18095651515,,,,,18.499075,-69.9206678
node/4753558325,node,Farmacia sin nombre,,,,,,,,19.7966019,-70.6894628
node/4781157621,node,Farmacia Rosmairy,Carretera Hnos. Gutierrez (Carretera Tigaiga),,+18097340412,,,,,19.4697774,-70.6580911
node/4792499627,node,Farmacia Padre Las Casas,Av. Pedro Clisante,,,,,,,19.7838121,-70.6990363
node/4803483525,node,Homs,,,,,,,,19.4357713,-70.6609827
node/4829197822,node,Farmacia Central,Presidente Vasquez,,+18095782572,,,,,19.3932244,-70.5274032
node/4860193721,node,Farmacia CS,Las Lagunas - Moca,,+18098223333,,,,,19.4236002,-70.4754764
node/4880908621,node,Farmacia buen pastor,Camino De Buena Vista,,,,,,,19.4739935,-70.6867712
node/4902600924,node,Farmacia Naraly,Paseo de los Agricultores,,+18095789697,,,Mo-Su 08:00-22:00,,19.3880652,-70.5303347
node/4902775821,node,farmacia eduina encarnacion,,,,,,,,18.4921985,-69.9348171
node/4920768922,node,Farmacia centro,Prof. Simón Orozco,,,,,,,18.5103117,-69.8281292
node/4921228324,node,Farmacia centro,Prof. Simón Orozco,,,,,,,18.5102361,-69.828162
node/5005470325,node,Farmacia Carol,,,,,,,,19.7675279,-70.5074047
node/5072019822,node,Farmacia Martínez Sosa,Dr. Alejo Martinez,,,,,,,19.7687284,-70.5144807
node/5073190926,node,Farmacia San Martín,,,,,,,,18.6071018,-68.7160129
node/5093311327,node,Kayey,,,,,,,,18.4710176,-69.8498746
node/5131174521,node,Farmacia Wilmert,Carretera Mao - Guayubín,,+18097553627,,,,,19.5783978,-71.1628265
node/5177348921,node,Botica Hoya Del Caimito,Calle 25,,,,,Mo-Fr 08:00-17:00; Sa 08:00-12:00,,19.4635288,-70.6658988
node/5232687328,node,Farmacia sin nombre,,,,,,,,19.808394,-70.7132969
node/5338903422,node,Maxim,,,+8095926137,,,,,18.5064116,-69.8275555
node/5401768700,node,Farmacia Sainagua,,,,,,,,18.3884773,-70.1133348
node/5431366258,node,Referencia,,,+18092215545,,,,,18.4732321,-69.9293625
node/5432011277,node,Farmacia Leandro,"Calle Hermanas Mirabal, Santo Domingo Oeste",Santo Domingo Oeste,,,,,,18.4481988,-69.9856717
node/5446754221,node,Farmacia Enriquillo,Avenida Isabel Aguiar,,,,,,,18.4768421,-69.9720256
node/5515198922,node,Farmacia Amistad,,,+18095223267,,,,,18.2834143,-70.3322512
node/5548759921,node,Farmacia Dr. Chelin,Calle Manuel Ramón Roca,,+18097332149,,,,,19.5507617,-71.7060564
node/5574322021,node,Farmacia La Nueva,María Trinidad Sánchez,,,,,,,19.058199,-70.1526449
node/5690115307,node,Farmacia Carxol,,,,,,,,19.2030248,-69.3378288
node/5744375318,node,Farmacia Asilis Javier,,,,,,,,18.4476481,-69.9840244
node/5755210762,node,Farmacia sin nombre,,,,,,,,18.4880559,-69.9388362
node/5756721428,node,Carol,,,,,,24/7,,18.4735095,-69.9308343
node/5790934253,node,Farmacia Karen Paola,Calle Francisco Del Rosario Sanchez,,+18092361412,,,Mo-Su 08:00-21:00,,18.5205481,-69.8047889
node/6007691185,node,Enriquillo union trabajo,,,,,,,,18.4772618,-69.9720884
node/6008358986,node,MELIDA,,,,,,,,18.8082321,-71.2250289
node/6008358987,node,ENRIQUILLO,,,,,,,,18.8135688,-71.232085
node/6008358988,node,ISAMAL,,,,,,,,18.8129281,-71.2330955
node/6008358989,node,EL CARMEN,,,,,,,,18.8065075,-71.2333971
node/6008358990,node,SAN RAMON,,,,,,,,18.8074303,-71.2303815
node/6008358991,node,YANY,,,,,,,,18.8074538,-71.229874
node/6008358992,node,ERIDANIA,,,,,,,,18.8215942,-71.2353462
node/6008358993,node,ROSA AURA 2,,,,,,,,18.4509594,-70.7389743
node/6008358994,node,Super Farmacia Peguero Castro,Azua,Azua,,,,,,18.4501178,-70.7311065
node/6008358995,node,NURYS,,,,,,,,18.2052991,-71.1011113
node/6008358996,node,DOTEL,,,,,,,,18.2078464,-71.0991544
node/6008358998,node,BUENAVENTURA,,,,,,,,18.5822455,-69.9195108
node/6008358999,node,shaia,,,,,,,,18.5312806,-69.8002896
node/6008359000,node,MARCHI,,,,,,,,18.5529825,-69.9075725
node/6008398087,node,ENMANUEL,,,,,,,,18.475479,-69.9861582
node/6008398088,node,MARIANNY,,,,,,,,18.4687295,-69.9898569
node/6008398090,node,POSIBLE CAROLINA,,,,,,,,18.5087139,-69.8655116
node/6008398091,node,euridice,,,,,,,,18.5112553,-69.8436399
node/6008398092,node,Patricia2,,,,,,,,18.495149,-69.9081743
node/6008398093,node,virgen maria,,,,,,,,18.4687342,-69.8877704
node/6008398094,node,Josefina,,,,,,,,18.4717226,-69.8893257
node/6008398096,node,RADONAEL,,,,,,,,18.426318,-68.9815604
node/6008398098,node,bella vista,,,,,,,,18.6201954,-68.7229339
node/6008398099,node,feliu,,,,,,,,18.6237318,-68.7158111
node/6008398100,node,BERARCA,,,,,,,,18.6092994,-68.7216805
node/6008398101,node,COOPERATIVA SAN JOSE,,,,,,,,18.7694096,-70.0245515
node/6008398102,node,DILONE II,,,,,,,,18.7750912,-70.0266358
node/6008398103,node,GALENO,,,,,,,,18.7761592,-70.0271233
node/6008398104,node,DIMAR,,,,,,,,18.7168342,-69.9703585
node/6008398105,node,farmacia popular,,,,,,,,18.5156713,-69.8389869
node/6008398106,node,Mauricio baez,Calle Mauricio Báez,,,,,,,18.4883717,-69.9134735
node/6008398107,node,Farmacia sin nombre,,,,,,,,18.486343,-69.9088357
node/6008398108,node,Farmacia Ramsés,,,,,,,,18.500411,-69.9048357
node/6008398109,node,Yuclenia,,,,,,,,18.6726041,-70.1739749
node/6008398110,node,Silibe,,,,,,,,18.6864435,-70.1754318
node/6008398111,node,Anjura,,,,,,,,18.6732657,-70.1675955
node/6008398113,node,Farmatex 360,,,,,,,,18.547386,-69.9008131
node/6008398114,node,Del barrio,,,,,,,,18.5341192,-69.9385542
node/6008398115,node,Habana,,,,,,,,18.476124,-69.9028512
node/6008398116,node,Villa,,,,,,,,18.5380684,-69.940926
node/6008398117,node,Espinal,,,,,,,,18.5043969,-69.8671901
node/6008398118,node,LOS MINA,,,,,,,,18.5031098,-69.8644645
node/6008398119,node,FARMAVITAL,,,,,,,,18.501976,-69.8677605
node/6008398120,node,CHABELA,,,,,,,,18.5069994,-69.8696286
node/6008398121,node,Rowifarma,,,,,,,,18.5097006,-69.8601357
node/6008398123,node,TURINA,,,,,,,,18.4847696,-69.8270276
node/6008398124,node,palmar encantado,,,,,,,,18.5440312,-69.8655883
node/6008398125,node,monterrey,,,,,,,,18.5427923,-69.879251
node/6008398126,node,maria auxiliadora,,,,,,,,18.5407507,-69.8647335
node/6008398127,node,Farmacia YSA,"Calle E, Santo Domingo este",Santo Domingo este,+18092457271,,,Lu-Vi 08:00-21:00; Do 0800-14:00,,18.4940318,-69.8151961
node/6008398129,node,rosyel,,,,,,,,18.4974103,-69.7937891
node/6008398130,node,Farmacia Filadelfia,,,,,,,,18.4980122,-69.7868021
node/6008398131,node,yunkiel,,,,,,,,18.4907559,-69.8337648
node/6008398132,node,mayel,,,,,,,,18.4904745,-69.841133
node/6008398133,node,rusbert-yu,,,,,,,,18.5042332,-69.8501936
node/6008398138,node,NICOMAR,,,,,,,,18.5166041,-69.8512295
node/6008398139,node,EUROPA,,,,,,,,18.5205674,-69.8447354
node/6008398140,node,karen-paola,,,,,,,,18.5075103,-69.8485858
node/6008398141,node,KEYLA,,,,,,,,18.5044236,-69.8462952
node/6008398386,node,JAFREISY,,,,,,,,18.5380766,-69.8132946
node/6008398387,node,SANTO DOMINGO,,,,,,,,18.8063922,-71.2299345
node/6008398388,node,CENTRO,,,,,,,,18.8075379,-71.2271227
node/6008398389,node,CATANO,,,,,,,,18.4522708,-70.7358699
node/6008398390,node,ANA ISABEL,,,,,,,,18.2055332,-71.094894
node/6008398391,node,SAMERY,,,,,,,,18.5662668,-69.9090478
node/6008398589,node,MIRANDA,,,,,,,,18.8086832,-71.2313219
node/6008398590,node,MAYCORT,,,,,,,,18.8192114,-71.2340252
node/6008398592,node,SANTOME,,,,,,,,18.8063288,-71.2296659
node/6008398593,node,SUPER FARMACIA SILDIA,,,,,,,,18.8023351,-71.2229755
node/6008398594,node,MARIA VIRGEN MELO,,,,,,,,18.8123339,-71.221103
node/6008398595,node,ADRIANA,,,,,,,,18.4566947,-70.7261148
node/6008398596,node,MINERVA,,,,,,,,18.4535475,-70.7320108
node/6008398597,node,DILANIA,,,,,,,,18.4525887,-70.734213
node/6008398598,node,SAN MARCOS,,,,,,,,18.451197,-70.7322453
node/6008398599,node,MERCEDES,,,,,,,,18.4519421,-70.7282798
node/6008398600,node,MARISOL,,,,,,,,18.4533145,-70.7496945
node/6008398601,node,ROSA,,,,,,,,18.452984,-70.7379251
node/6008398602,node,RAN,,,,,,,,18.4547274,-70.6450264
node/6008398603,node,NAYARIT,,,,,,,,18.4496047,-70.6192105
node/6008398604,node,LAS 5 ESQUINAS,,,,,,,,18.455684,-70.7448574
node/6008398606,node,MENDEZ C POR A,,,,,,,,18.2053009,-71.0962669
node/6008398607,node,LEMBERT,,,,,,,,18.2073751,-71.094871
node/6008398608,node,MI BOTICA POPULAR,,,,,,,,18.20376,-71.0950244
node/6008398609,node,VILLA ESTELA,,,,,,,,18.2048999,-71.0973012
node/6008398610,node,FELLITO,,,,,,,,18.207496,-71.0974114
node/6008398611,node,ercilia,,,,,,,,18.5026714,-69.8705917
node/6008398613,node,OBED,,,,,,,,18.5717909,-69.9152542
node/6008398614,node,NIQUIN,,,,,,,,18.5796597,-69.9196659
node/6008428885,node,JUANER,,,,,,,,18.8170624,-71.226917
node/6008428886,node,BRENDA,,,,,,,,18.2038066,-71.0934
node/6008428887,node,HILDA,,,,,,,,18.4523682,-69.9892844
node/6008434585,node,lizmary,,,,,,,,18.5283884,-69.8123228
node/6008436385,node,DANIA,,,,,,,,18.4554304,-69.9777653
node/6008436386,node,SHARLYN,,,,,,,,18.4708719,-69.9854594
node/6008436387,node,YAROMIK,,,,,,,,18.4798255,-69.9749099
node/6008436388,node,LAS PALMAS,,,,,,,,18.4769477,-69.9815944
node/6008436389,node,Nemesis,"Prolong Avenida 27 De Febrero, Santo Domingo Oeste",Santo Domingo Oeste,,,,,,18.4932415,-69.9996467
node/6008436390,node,CAMINO DIVINO,,,,,,,,18.4545965,-69.9826146
node/6008436391,node,CHARO,,,,,,,,18.4812695,-69.9772286
node/6008436393,node,Yudelka,,,+18095942424+18095931620,,,,,18.5120577,-69.8613948
node/6008436394,node,luis miguel,,,,,,,,18.4874455,-69.8055552
node/6008436395,node,Luisa,,,,,,,,18.4978345,-69.9057804
node/6008437685,node,Collado,,,,,,,,18.4904984,-69.9109871
node/6008437686,node,mazara,,,,,,,,18.6116956,-68.7105378
node/6008437687,node,michell,,,,,,,,18.6078562,-68.7115008
node/6008437688,node,dimar,,,,,,,,18.7380283,-70.0006357
node/6008437689,node,RAUDYS,,,,,,,,18.7664029,-70.0226633
node/6008437690,node,miguelina,,,,,,,,18.4964928,-69.9070844
node/6008437691,node,Evelyn ll,,,,,,,,18.4769028,-69.8763686
node/6008437693,node,Bartolina,,,,,,,,18.5412518,-69.9382935
node/6008437694,node,Rubi,,,,,,,,18.5344563,-69.9402796
node/6008437695,node,Kirsys,,,,,,,,18.5406351,-69.9314542
node/6008437696,node,Deiny 2,,,,,,,,18.5427931,-69.9394907
node/6008437697,node,JOVANNY,,,,,,,,18.5003579,-69.8633852
node/6008437698,node,elida,,,,,,,,18.5275775,-69.8755863
node/6008437699,node,vinyvic,,,,,,,,18.5288171,-69.8700354
node/6008437701,node,santa monica,,,,,,,,18.4884158,-69.8314286
node/6008437705,node,MARIA LUISA,,,,,,,,18.5227406,-69.8418791
node/6008437706,node,mendoza,,,,,,,,18.4988076,-69.83256
node/6008437707,node,Luz Bethania,"Jose Francisco Peña Gome, Santo Domingo Este",Santo Domingo Este,+8095478397,,,,,18.5045602,-69.8220562
node/6008437708,node,NUEVA ERA,,,,,,,,18.5038037,-69.8256806
node/6008437710,node,divina misericordia,,,,,,,,18.5225703,-69.799118
node/6008437711,node,jehova,,,,,,,,18.5426606,-69.8023004
node/6008437712,node,ISHTAR,,,,,,,,18.5396894,-69.8128517
node/6008437785,node,Gilda,,,,,,,,18.4873664,-69.9099231
node/6008437786,node,Guarocuya,,,,,,,,18.4886762,-69.9067305
node/6008437787,node,YANILSY,,,,,,,,18.4714456,-69.7345507
node/6008437788,node,Alejandrina,,,,,,,,18.5425959,-69.9280533
node/6008437789,node,Lhumy pharma,,,,,,,,18.5113345,-69.8599468
node/6008437790,node,TRINY,,,,,,,,18.5091186,-69.8631104
node/6008437791,node,los mellos,,,,,,,,18.5374625,-69.8694784
node/6008437792,node,susan y geraldine,,,,,,,,18.5210692,-69.8515413
node/6008437886,node,FARMACIA JASPE,,,,,,,,18.4541618,-69.0130758
node/6008437887,node,Vademecum,,,+18095954747,,,,,18.5107952,-69.8337642
node/6008437888,node,Nectarina,,,,,,,,18.4428176,-69.9862753
node/6008437890,node,Alquimia,,,,,,,,18.6761245,-70.1754794
node/6008437891,node,Peter,,,,,,,,18.5617746,-69.9151463
node/6008437892,node,Farma new,,,,,,,,18.5466373,-69.9162346
node/6008437893,node,Elite,,,,,,,,18.541565,-69.9353143
node/6008437894,node,Jevi,,,,,,,,18.4779894,-69.9001073
node/6008437895,node,Ruth isabel,,,,,,,,18.5590595,-69.8917833
node/6008437896,node,ENERCIDA,,,,,,,,18.5053252,-69.8631996
node/6008437898,node,ludiam 2,,,,,,,,18.5483753,-69.8555519
node/6008439185,node,MARIA,,,,,,,,18.5074942,-69.868953
node/6008439186,node,tito 4to,,,,,,,,18.5229329,-69.8516764
node/6008439187,node,D Y M,,,,,,,,18.4997335,-69.8373297
node/6036842378,node,Farmacia sin nombre,,,,,,,,18.4873669,-69.9636907
node/6049987019,node,Farmacia Giovanny,,,,,,,,18.9449948,-69.7921334
node/6124803485,node,Farm. Maximo gomez,,,,,,,,18.5522716,-69.8610033
node/6148882985,node,Pharmatech,Calle Jose Desiderio Valverde 103,,+18096208000,,http://www.pharmatech.com.do,Mo-Fr 08:00-17:00,,18.4636863,-69.9103277
node/6202037685,node,Reyes,,,,,,,,18.4752664,-69.7373125
node/6250163885,node,Farmacia,Calle 1,,,,,,,18.4839605,-69.9771158
node/6257084585,node,Farmacia sin nombre,,,,,,,,18.4034503,-70.10531
node/6281552389,node,Victoria Yeb S.A,Carretera Duarte,,,,,,,19.4492448,-70.6488481
node/6281818985,node,Farmacia,,,,,,,,19.485418,-70.7342775
node/6283234487,node,Farmacia monterico,,,,,,,,19.4841297,-70.7379833
node/6432956086,node,Farmacia Carol,Calle Rosario,,,,,,,18.4458896,-69.9687577
node/6507319781,node,Farmacia Alberto II,,,+18095711034,,,08:00-22:00,,19.7523682,-70.5198274
node/6507329034,node,Farmacia Beaton,,,,,,,,19.7455917,-70.5294035
node/6507347087,node,Farma Ariel,,,+18095740011,,,24/7,,19.7394857,-70.6016884
node/6573858892,node,Gran Poder de Dios,,,,,,,,19.476645,-71.3409857
node/6573859785,node,Farmacia,,,,,,,,19.4768618,-71.3401185
node/6593325185,node,Omayra 2,,,,,,,,18.4498592,-69.6383858
node/6593325285,node,Santa tejeda,,,,,,,,18.4542032,-69.639437
node/6593325685,node,Marfiel,,,,,,,,18.5350842,-69.8954373
node/6712179586,node,Villa esperanza,,,,,,,,18.521073,-69.8187005
node/6712179587,node,La misericordia,,,,,,,,18.5314803,-69.8110029
node/6712194685,node,Dona juana,,,,,,,,18.5357278,-69.8234059
node/6712194686,node,Gosen,,,,,,,,18.5252653,-69.809157
node/6712472986,node,Saona,,,,,,,,18.5212821,-69.8176295
node/6712472987,node,Farmacia Invivienda,,,,,,,,18.5141411,-69.8205355
node/6741493371,node,Farmacia,,,,,,,,19.2970384,-70.2606819
node/6774966785,node,Salud y bie n,,,,,,,,18.4966283,-69.9058848
node/6785715886,node,Iris,,,,,,,,18.5450954,-69.9310435
node/6785715887,node,Carmen elena,,,,,,,,18.5306334,-69.9231499
node/6785715888,node,Kenyi,,,,,,,,18.5374607,-69.9329167
node/6785723085,node,Pendiente,,,,,,,,18.5385982,-69.9381494
node/6785788485,node,Pinto,,,,,,,,18.5227226,-69.916393
node/6814093485,node,B rochit,,,,,,,,18.5410252,-69.8723613
node/6832746186,node,FARMACIA JUMAR,,,,,,,,18.5337552,-69.9428501
node/6874260885,node,Farmacia Carol,Avenida Independencia,,,,,24/7,,18.4589138,-69.9105025
node/7241853817,node,Farmacia sin nombre,,,,,,,,18.4739224,-69.8837421
node/7243043863,node,Farmacia sin nombre,,,,,,,,19.3213166,-69.5406522
node/7278381885,node,Estrella,,,,,,,,18.687491,-68.4449519
node/7281704537,node,Farnmacia Vista al Valle,"Avenida Caonabo, San Francisco De Macoris",San Francisco De Macoris,,,,Mo-Su 08:00-20:00,,19.3118744,-70.2672331
node/7281704792,node,Farmacia Norte,"Avenida 27 de Febrero, SAN FRANCISCO DE MACORIS",SAN FRANCISCO DE MACORIS,+18095882341,,,Mo-Su 08:00-22:00,,19.2994057,-70.2596651
node/7328193587,node,Farmacia alyali,,,,,,,,19.4536329,-70.7102338
node/7344345323,node,Farmacia Yamila,,,,,,,,18.488514,-69.9646121
node/8027001129,node,Farmacia Supermercado La Fuente,,,+18095834525,,,,Desintox,19.4304905,-70.6904037
node/8064116563,node,D Aurelia Farmacia,,,,,,,,18.5929465,-68.7063786
node/8064116569,node,Farmacia 5 estrella,,,,,,,,18.6029283,-68.7110684
node/8065939100,node,Farmacia Melo,,,,,,,,18.6121082,-68.7150805
node/8078244125,node,Hotel Patria,,,,,,,,18.6099754,-68.7066643
node/8078244146,node,Farmacia Santana,,,,,,,,18.6166491,-68.7135571
node/8078244176,node,Farmacia San José,,,,,,,,18.6182985,-68.7092784
node/8406733817,node,Farmacia sin nombre,,,,,,,,19.291378,-69.4299514
node/8568224266,node,Pharmacia,,,,,,,,18.4481623,-69.6105986
node/8703092009,node,Farmacia Nehemias,,,,,,,,18.6134577,-68.7273494
node/8762950517,node,Farmacia sin nombre,,,,,,,,19.8302779,-71.0614826
node/8762950617,node,Farmacia sin nombre,,,,,,,,19.7579745,-70.834499
node/8770238617,node,Farmacia Capafaro,,,,,,,,19.6328032,-70.0755763
node/8777695719,node,Farmacia sin nombre,,,,,,,,19.2081236,-69.3371216
node/8779931417,node,Farmacia del pueblo,,,,,,,,19.1959993,-69.8642224
node/9178584332,node,Farmacia Patrizo S.R.L.,"Calle Manolo Betances 10, Santo Domingo Este",Santo Domingo Este,+18095921100,,,,,18.4850185,-69.78759
node/9178584333,node,Farmacia Medicar G B C S.R.L,"Av. Coronel Rafael Tomás Fernández Domínguez Plaza Eva Maria no.2, Santo Domingo Este",Santo Domingo Este,,,,,,18.4928026,-69.8107806
node/9201537631,node,Delbamar,,,,,,,,19.295603,-69.4367749
node/9206289757,node,Torres,"Calle Orlando Martinez, Santo Domingo Este",Santo Domingo Este,,,,Mo-Sa 08:00-20:00,,18.507298,-69.8179051
node/9228859690,node,Brisas del eden,"Carretera A Mendoza 58, Santo Domingo Este",Santo Domingo Este,+18092629989+18092365976,,,,,18.5057995,-69.8137329
node/9244103647,node,Farmacia Carol,,,,,,,,18.4695334,-69.9021268
node/9260306493,node,Farmacia El Manantial,"Carretera Presidente Antonio Guzmán Fernández 11, San Drancisco De Macoris",San Drancisco De Macoris,,,,Mo-Su 07:00-22:00,,19.2859717,-70.2744761
node/9334248563,node,Farmacia sin nombre,,,,,,,,19.2526602,-69.4578275
node/9334375586,node,Marina,,,,,,,,19.2040506,-69.3432997
node/9595060475,node,Farmacia sin nombre,,,,,,,,18.6387128,-68.3475273
node/9815755367,node,Farmacia Patrizo,,,,,,,,18.48749,-69.7504462
node/9919979505,node,Farmacia Karol,"Carretera Presidente Antonio Guzmán Fernández, San Francisco De Macoris",San Francisco De Macoris,,,,,,19.2875335,-70.2691504
node/9945813405,node,Farmacias VIP,"Av. Martin Luther King Jr, Santo Domingo Este",Santo Domingo Este,+18093880002,,https://www.farmaciasvip.com/,,,18.5080424,-69.8139465
node/10000067616,node,Farmacia Carol,,,,,,,,18.506516,-69.8571252
node/10093563405,node,Farmacia Michelle,,,,,,,,19.6407799,-69.9064693
node/10573208909,node,Farmacia 30 de Mayo,Calle Marcial Soto,,,,,Mo-Sa 08:00-19:00,,18.276196,-70.3401614
node/10573209009,node,Farmacia Medicar GBC,Baní - Azua,,,,https://farmaciamedicargbc.com/,Mo-Sa 07:00-22:00; Su 08:00-21:00,,18.2800736,-70.3423766
node/10596455106,node,Farmacia Altagracia,Calle Juan Pablo Duarte,,+18095223248,,,Mo-Su 08:00-23:00,,18.2818077,-70.3320727
node/10627512405,node,Farmacia Luisandra,Avenida Máximo Gómez 60,,+18095223300,,,,,18.2804178,-70.3359818
node/10745951705,node,Farmacia Mejia (Farmesa),Avenida Máximo Gómez 63,,+18095223476,,,,,18.2802329,-70.3372728
node/10746068205,node,Farmacia Álvarez,Calle Nicolás Heredia,,+18095229382,,,,,18.2751086,-70.3365018
node/10746251805,node,Farmacia San Jose Obrero,"Calle General Antonio Duvergé, Baní",Baní,+18095223223,,,,,18.2765291,-70.3347102
node/10746274305,node,Farmacia Díaz Rosario,Calle El Número 23,,+18095229398,,,,,18.2749594,-70.3292999
node/10746275606,node,Farmacia Diaz Rosario #4,Avenida Fabio Herrera 14,,+18093800078,,,,,18.2581771,-70.329339
node/10746280905,node,Farmacia Diaz Rosario,Avenida Fabio Herrera,,+18093800078,,,,,18.2703477,-70.3307658
node/10915059517,node,Los Hidalgos,,,,,,,,19.3121495,-69.5434345
node/10969878521,node,Lilia,"Avenida Santiago 158, Santo Domingo",Santo Domingo,+18094147687,,,Mo-Sa 08:00-22:00; Su off,,18.4678826,-69.899669
node/10972368607,node,Farmacia UASD,"Avenida Alma Mater, Santo Domingo",Santo Domingo,,,,,,18.4596748,-69.9178654
node/11110305655,node,Farmacia Sabana Iglesia II,,,,,,,,19.3252635,-70.8149761
node/11196178797,node,unad duarte,,,,,,,,18.034972,-71.745992
node/11196206119,node,farmacia del pueblo,,,,,,,,18.0322096,-71.7459584
node/11196227909,node,farmacia yune,,,,,,,,18.033335,-71.7461569
node/11544703648,node,farmacia yune,,,,,,,,18.0383927,-71.7445644
node/11575088190,node,Farmacia sin nombre,,,,,,,,18.0337085,-71.7387386
node/11760572076,node,Navita Plus,Moca,Moca,+18298027966,,,08:00-22:00,,19.4218143,-70.4807922
node/12549195070,node,Carol Farmacia,,,,,,,,18.6388498,-68.3988694
node/12725914532,node,Doña Yiya Farmacia,,,,,,,,19.7580542,-70.8349504
node/12980209741,node,farmacia Pedernales,,,,,,,,18.0338414,-71.7459019
node/13078782235,node,Farmacia Eureka,,,+18492870653,,,,,18.3481206,-68.8261615
node/13189679302,node,Blasmar,,,,,,,,19.453378,-70.7695825
node/13189679401,node,Farmacia Kendra,3,,,,,,,19.4442325,-70.8000079
node/13191392401,node,Lilia,,,,,,,,18.5014621,-69.9222536
node/13201686302,node,Farmacia San Isidro,,,,,,,,19.3049254,-70.2561338
node/13239975801,node,GBC,,,,,,,,18.5110205,-69.9803067
node/13464763969,node,Farmacias Los Hidalgos,,,,,,,,18.4670043,-69.781545
node/13468814942,node,Farmacias Los Hidalgos,,,,,,,,18.4727595,-69.9410946
node/13551112162,node,Farmacia Carol,,,,,,,,18.4733547,-69.9110316
way/164232209,way,San Miguiel,"Calle Restauración, Santiago",Santiago,,,,,,19.4522484,-70.7014454
way/207314377,way,Farmacia La Humanitaria,,,,,,,,19.420066,-71.6132452
way/222822127,way,Farmacia Lample Suárez,"Avenida Dr Pedro A. Columna, Bonao",Bonao,,,,,,18.9367248,-70.4109725
way/310493612,way,Farmacia Villa Elisa,Carretera Matanza,,+18092427898,,,,,19.4112304,-70.6738251
way/314758060,way,Farmacia Biannela,Carretera Matanza,,,,,,,19.4059132,-70.6640958
way/316143214,way,Carol,,,,,,24 h.,,19.4678521,-70.6867267
way/329872862,way,Farmacia Carol,,,,,,,,18.4227026,-68.9641776
way/334267966,way,Farmacia sin nombre,,,,,,,,18.4330062,-68.9668216
way/344545522,way,Farmaconal,Calle Presidente Vasquez,,,,,,,18.4877987,-69.8649243
way/344633050,way,farmaxtra,Carretera Mella,,,,,24/7,,18.5248766,-69.8269236
way/356100438,way,Farmacia Carol,"Avenida 27 de Febrero 221, Santo Domingo",Santo Domingo,+18095636060,,,,,18.4697954,-69.9230635
way/356391550,way,Farmacia Carol,,,,,,,,19.4743537,-70.6791574
way/389783581,way,Farmacia Prosperidad,,,,,,,,18.9378221,-70.4051648
way/405358883,way,Farmacia Demorizi,,,,,,,,18.4097266,-70.1028049
way/406807969,way,Farmacia Aybar D'Hochi,Calle Benito González,,,,,,,18.476461,-69.8915158
way/407005633,way,Farmacia,,,,,,,,18.4481727,-69.6488423
way/407735624,way,Farmacia Zolida,Calle Maria Viuda de La Cruz Doña Cucha,,,,,,,18.5013987,-69.8847739
way/407756348,way,Farmacia Norbelissa,,,,,,,,19.4054623,-70.6367151
way/407777954,way,Farmacia La Estrella,"Carretera Las Palomas, Santiago",Santiago,,,,,,19.4257319,-70.6519757
way/407793988,way,Farmacia San Pablo,Avenida Albert Thomas,,,,,,,18.4957108,-69.8901192
way/407799908,way,Farmacia Grecia,,,,,,,,18.5022528,-69.894722
way/407800755,way,Farmacia Jossy,"Avenida Isabel Aguiar, Santo Domingo",Santo Domingo,,,,,,18.4577526,-69.9772739
way/407805610,way,Farmacia Grecia,Avenida Albert Thomas,,,,,,,18.5054675,-69.8971873
way/407808572,way,Farmacia Blanca Yris,"Calle San Anton, Santo Domingo",Santo Domingo,,,,,,18.4645192,-69.9779234
way/407814195,way,El Sol,"Avenida Circunvalación, Santiago",Santiago,+18095820000,,,,,19.4293782,-70.6892224
way/407982392,way,Farmacia Sanchez,Avenida Francisco del Rosario Sánchez,,,,,,,18.501443,-69.8814261
way/407986581,way,Farmacia Carevel,Avenida Francisco del Rosario Sánchez,,,,,,,18.4904206,-69.883559
way/407990213,way,Farmacia,Av. Nuñez De Cácerez,,,,,,,19.4219394,-70.714436
way/407991238,way,Farmacia Carelsa,,,+18092410115,,,,,19.4628478,-70.7090041
way/408001936,way,Farmacia Marcely,Av. Nuñez De Cácerez,,,,,,,19.4332326,-70.7058962
way/408013299,way,Farmacia La Solución,Avenida Albert Thomas,,,,,,,18.5046354,-69.8968568
way/408034474,way,Farmacia sin nombre,Avenida Duarte,,,,,,,18.4935383,-69.8996493
way/408041220,way,Farmacia Carol,,,,,,,,18.5082724,-69.9474344
way/408043128,way,Farmacia sin nombre,,,,,,,,18.4926227,-69.898567
way/408045015,way,Carol,Avenida Duarte,,,,,,,18.4923282,-69.8983633
way/408050698,way,Farmacia Elba,"Avenida 27 de Febrero, Santiago",Santiago,,,,,,19.4637923,-70.6727794
way/408052122,way,Farmacias Fuente San Luis,Av. Yapur Dumit,,,,,,,19.430605,-70.6939192
way/408059213,way,Farmacia Dra. Lily,"Av. Yapur Dumit, Santiago",Santiago,,,,,,19.4170294,-70.7025151
way/408121565,way,Farmacia Luciano,,,,,,,,19.5051235,-70.7520342
way/408317635,way,Farmacia Nemesis,Prolongacion 27 De Febrero,,,,,,,18.4569707,-69.9832516
way/408324590,way,Farmacia Jardin Rios,,,,,,,,18.4843994,-69.9599887
way/408325617,way,Farmacia Iris Leyda,,,,,,,,18.4561072,-69.6079383
way/408325622,way,Farmacia Silva,"Calle Profesora Hilda Gutierrez, Boca Chica",Boca Chica,,,,,,18.4603758,-69.6111712
way/408328440,way,Super Farmacia Oriente,"Avenida Jacinto de Los Santos, Santo Domingo",Santo Domingo,,,,,,18.4748717,-69.8584068
way/408436061,way,Farmacia Papeleria,Avenida Monumental,,,,,,,18.5020572,-69.9896298
way/408451351,way,Farmacia Paipa,Calle Ml. Céspedes,,,,,,,18.5234983,-69.9096029
way/408460855,way,Farmacias Los Pinos,"Calle Cuba, Santiago de los Caballeros",Santiago de los Caballeros,,,,,,19.4543415,-70.6991589
way/408648844,way,Farmacia sin nombre,,,,,,,,19.4315828,-70.7061401
way/408652000,way,Farmacia Ransy,"Av. Nuñez De Cácerez, Santiago",Santiago,,,,,,19.4397047,-70.7059253
way/408654799,way,Farmacia Bella,"Avenida Emilio Prud'homme, Santiago",Santiago,,,,,,19.4444729,-70.7077759
way/408655871,way,Farmacia,,,,,,,,18.4979927,-69.963509
way/408664043,way,Befarmax,Avenida Intercomunicacion 3era,,,,,,,18.5254022,-69.8988325
way/408668632,way,Farmacia Medika Internacional,,,,,,,,18.5010325,-69.9604133
way/408670510,way,Farmacia Felipe II,Marginal Las Américas,,,,,,,18.4804903,-69.8388856
way/408713369,way,Carol,Avenida Hermanas Mirabal,,,,,,,18.5360219,-69.9062975
way/408716568,way,Farmacia Yoelis,Avenida Penetración,,,,,,,18.5346173,-69.9035869
way/408728379,way,Farmacia Kareny's,Calle 6,,,,,,,19.4290449,-70.6675368
way/408730342,way,Farmacia Lady Diaz,"Avenida Salvador Estrella Sahdalá, Santiago de los Caballeros",Santiago de los Caballeros,,,,,,19.4809675,-70.7056411
way/408740052,way,Farmacia Fina,"Avenida Coronel Juan Maria Lora Fernandez, Santo Domingo",Santo Domingo,,,,,,18.4883789,-69.9694783
way/408740377,way,Farmacia las 2 amigas,Calle M-1,,,,,,,18.5381291,-69.8996274
way/408754783,way,Farma Xtra,"Avenida 27 de Febrero, Santo Domingo",Santo Domingo,,,,,,18.4588012,-69.9453717
way/408877121,way,BotiFarmax Shekinah,Calle M-1,,,,,,,18.5317853,-69.8964314
way/408889344,way,Farmacia Anyi,"Duarte, André",André,,,,,,18.453269,-69.6345292
way/408901415,way,Farmacia Dilia,Ceuta,,,,,,,18.5407708,-69.897073
way/408904061,way,Farmacia Ana Gissell,Avenida Hermanas Mirabal,,,,,,,18.5338387,-69.9070453
way/408904172,way,Farmacia Belgica,"Fausto Cruz, André",André,,,,,,18.4530532,-69.6458212
way/408918640,way,Farmacia Omayra II,"16 De Agosto, André",André,,,,,,18.4498998,-69.6384738
way/408931174,way,Farmacia Reynel,Los Restauradores,,,,,,,18.5445306,-69.8893267
way/408931188,way,Farmacia Patry B,Los Restauradores,,,,,,,18.5425239,-69.8940199
way/408936574,way,Farmacia Luchy,Andrés,Andrés,,,,,,18.4490575,-69.6532008
way/408947550,way,Farmacia Normal,"Calle Del Sol 83, Santiago",Santiago,,,,,,19.4510336,-70.7032691
way/408954107,way,Farmacia Los Tanquecitos,"Los Rieles, André",André,,,,,,18.453015,-69.6278343
way/409568859,way,Farmacia Santure,"Avenida Salvador Estrella Sadhala, Santiago",Santiago,+8087240333,,,,,19.470793,-70.6910108
way/409572235,way,Farmacia Remanso de Paz,,,,,,,,18.5629388,-69.910321
way/409573037,way,Farmacia La Peregrina,Calle 28,,,,,,,18.5572168,-69.9070416
way/409577433,way,Farmacia Ivelsy,"Calle Generoso Diaz, Santiago",Santiago,,,,,,19.4726627,-70.6987944
way/409578323,way,Farmacia Villa Mella,"Avenida Hermanas Mirabal, Villa Mella",Villa Mella,,,,,,18.5514141,-69.9012413
way/409582804,way,Farmacia Nicar,Ramon Matias Mella,,,,,,,18.5545648,-69.8982549
way/409613493,way,Farmacia Charine,Carreterra San Felipe,,,,,,,18.5574847,-69.9042513
way/409621342,way,Farmacia Pamela,"Avenida Bartolomé Colón, Santiago",Santiago,,,,,,19.4679695,-70.6875212
way/409768509,way,Farmacia sin nombre,"San Cristóbal - Aut. Duarte, San Cristóbal",San Cristóbal,,,,,,18.4330195,-70.1264618
way/409781440,way,Farmacia Dipre,"Calle Principal la Toma, San Cristóbal",San Cristóbal,,,,,,18.4288833,-70.1244076
way/409829409,way,Oriana Farmacia,Avenida Konrad Adenauer,,,,,,,18.5471436,-69.9078584
way/409843731,way,Farmacia Lexy,"Calle Guayubin, Santo Domingo",Santo Domingo,,,,,,18.4877035,-69.9684713
way/409847409,way,Farmacia Parola,"C-20, Santiago",Santiago,,,,,,19.4701979,-70.703962
way/409870962,way,Siglo,,,,,,,,18.5405365,-69.9396591
way/409872082,way,Farmacia Junior,Avenida Principal,,,,,,,18.5350518,-69.9264634
way/409876124,way,Farmacia Los Rios,"Calle A, Santo Domingo",Santo Domingo,,,,,,18.4961962,-69.9664939
way/410064966,way,Farmacia Constitucion,"Avenida Constitucion, San Cristóbal",San Cristóbal,,,,,,18.4204089,-70.1139752
way/410066288,way,Farmacia Naturista Luna,"Avenida Constitucion, San Cristóbal",San Cristóbal,,,,,,18.4195269,-70.1133358
way/410068493,way,Super Farmacia Santa Ana,"Avenida Constitucion, San Cristóbal",San Cristóbal,,,,,,18.4165545,-70.1112242
way/410295759,way,Farmacia Claudy,"Calle Padre Borbón, San Cristóbal",San Cristóbal,,,,,,18.4149268,-70.1143014
way/410301498,way,Farmacia sin nombre,"Peaton A, San Cristóbal",San Cristóbal,,,,,,18.4117025,-70.1194215
way/410302437,way,Farmacia Class,"Peaton A, San Cristóbal",San Cristóbal,,,,,,18.4126391,-70.1191547
way/410322416,way,Farmacentro Leyda,"Avenida Felix Maria Ruiz, Santiago",Santiago,,,,,,19.4649607,-70.6998957
way/410328828,way,Farmacia Kaolix,"Avenida 27 de Febrero, Santiago",Santiago,,,,,,19.4716535,-70.7138533
way/410341432,way,Farrmacia Larimel,"Avenida Hermanas Mirabal, Santiago de los Caballeros",Santiago de los Caballeros,,,,,,19.4564605,-70.7144663
way/410346022,way,Farmacia Estefania,"Avenida Imbert, Santiago de los Caballeros",Santiago de los Caballeros,,,,,,19.4658772,-70.7107083
way/410348652,way,Farmacia,,,,,,,,19.4247784,-70.6836525
way/410356497,way,Farmamovil,Calle 1,,,,,,,19.4547017,-70.6817962
way/410367739,way,Farmacia Los Hidalgos,,,,,,,,18.4712747,-69.9330301
way/410614015,way,Farmacia Roberto,"Calle Francisco del Rosario Sanchez, Campo Lindo",Campo Lindo,,,,,,18.4575753,-69.6770332
way/410615672,way,Farmacia El Brisal,San Martin,,,,,,,18.5408127,-70.0386668
way/410617091,way,Farmacia Lourdes,"Carretera Sánchez, San Cristóbal",San Cristóbal,,,,,,18.4144248,-70.1159594
way/410648700,way,Farmacia sin nombre,"Calle 5, Campo Lindo",Campo Lindo,,,,,,18.4673708,-69.6978517
way/410653383,way,Farmacia Grecia,,,,,,,,18.4999864,-69.8893367
way/410654250,way,Farmacia Aquino,,,,,,,,18.5017895,-69.8867128
way/410661102,way,Farmacia Adelina,Autopista Duarte Vieja,,,,,,,18.5448286,-70.0396128
way/410662491,way,Farmacia Johanny,Calle Principal,,,,,,,18.4615796,-69.7224692
way/410662496,way,Farmacia Cancela,Duarte,,,,,,,18.470893,-69.7303398
way/410667223,way,Farmacia Axel,Avenida El Eden,,+18092347550,,,,,18.4674708,-69.7944529
way/410669472,way,Farmacia sin nombre,"Calle Amaury German Aristy, Urbaniziación Luz Maria",Urbaniziación Luz Maria,,,,,,18.466733,-69.7674372
way/411407383,way,Farmacia sin nombre,"Carretera Licey al Medio, Santiago",Santiago,,,,,,19.4579716,-70.6686333
way/411411221,way,Super Farmacia Stiven,"Calle Amaury German Aristy, Urbaniziación Luz Maria",Urbaniziación Luz Maria,,,,,,18.4730151,-69.7665729
way/411424127,way,Farmacia Reyna,"Avenida 27 de Febrero, Santiago de los Caballeros",Santiago de los Caballeros,,,,,,19.4580544,-70.6955531
way/411434282,way,Farmacia Popular,,,,,,,,19.4531536,-70.7036929
way/411464908,way,El Sol,"Carretera Don Pedro, Santiago",Santiago,,,,,,19.4592222,-70.6658068
way/411490681,way,Farmacia Eliasan,,,,,,,,18.4792456,-69.978002
way/411758514,way,Farmacos La Colonial,,,,,,,,19.449689,-70.7004246
way/411773048,way,Humana Farmacias Económicas,,,,,,,,18.4651379,-69.9748055
way/411774905,way,Farmacias Lidia,Carretera Luperón,,,,,,,19.4710106,-70.6826152
way/411794513,way,Farmacia Azil,Avenida Correa y Cidrón,,,,,,,18.4551045,-69.9248013
way/411818579,way,Farmacia Elka,,,,,,,,18.4747295,-69.9719612
way/411829864,way,Farmacia,Santa Cruz,,,,,,,18.8454616,-70.3202332
way/412135596,way,Farmacia Cristo De Limpias,,,,,,,,18.463182,-69.9268242
way/412135635,way,Farmacia Eddy3,"Carretera Mella, Santo Domingo Este",Santo Domingo Este,,,,,,18.5175619,-69.8371201
way/412153984,way,Farmacia Carol,,,,,,,,18.4555664,-69.9438782
way/412198036,way,Farmacia San Juan Bosco,"Avenida Duarte, Villa Altagracia",Villa Altagracia,,,,,,18.6747371,-70.1755133
way/412484114,way,Farmacia San Juan Bosco,"Robertico Jimenez Polanco, Villa Altagracia",Villa Altagracia,,,,,,18.6692239,-70.1705051
way/412501790,way,Farmacia San Juan Bosco,"Avenida Duarte, Villa Altagracia",Villa Altagracia,,,,,,18.6614047,-70.1695218
way/412534695,way,Farmacia Laentrada,"Calle Duarte, Los Alcarrizos",Los Alcarrizos,,,,,,18.5216772,-70.0108148
way/412553298,way,Super Farmacia Pockels,"Calle San Antonio, Los Alcarrizos",Los Alcarrizos,,,,,,18.5225038,-70.0137778
way/412554851,way,Farmacia Ideals,,,+18095606580,,,,,18.4839578,-69.9811574
way/412590802,way,Farmax,,,,,,,,18.4744161,-69.9609194
way/412595768,way,Farmacia Nurys,,,+18093791913,,,,,18.4854602,-69.9907077
way/412754008,way,Farmacia José Nepo,Avenida Enriquillo,,,,,,,18.4417926,-69.9759918
way/412754009,way,Farma Apotheka,Avenida Rómulo Betancourt,,,,,,,18.4446922,-69.9734454
way/412759925,way,Farmacia Madre Vieja,Avenida Los Constiyuentes,,,,,,,18.4209809,-70.0996656
way/412815088,way,Eden II Farmacia,"Avenida Fernandez Navarrete, Santo Domingo Este",Santo Domingo Este,,,,,,18.5134981,-69.8693612
way/412816185,way,Farmacia Mazan,,,,,,,,18.4942619,-69.8239669
way/412824631,way,Farmahorros S.D.,"Avenida Los Restauradores, Santo Domingo Este",Santo Domingo Este,,,,,,18.5241586,-69.8676052
way/412826584,way,Farmacia Los Americanos,"Carretera Sánchez, San Cristóbal",San Cristóbal,,,,,,18.422547,-70.09632
way/412832533,way,Botica Ana Ysaura,"Avenida Los Restauradores, Santo Domingo Este",Santo Domingo Este,,,,,,18.5260299,-69.8656616
way/412840813,way,Farmacia Maireni,"Avenida Los Restauradores, Santo Domingo Este",Santo Domingo Este,,,,,,18.5359247,-69.8651974
way/412852340,way,Centro Social La Merced,,,,,,,,18.4728237,-69.9920038
way/412852688,way,Farmax,,,,,,,,18.5030348,-69.9429632
way/412859437,way,Farmacia Carol,"Calle Rafael Augusto Sanchez 96, Santo Domingo",Santo Domingo,,,,,,18.4669684,-69.943017
way/413364751,way,Farmacia Carol,Avenida Winston Churchill,,,,,,,18.4715446,-69.9414977
way/413369999,way,Farmacia San Antonio,"16 De Agosto, Bonao",Bonao,,,,,,18.9434643,-70.4110819
way/413419225,way,Farmacia Florangel,"Avenida Profesor Juan Bosch, Bonao",Bonao,,,,,,18.9397259,-70.3954854
way/413439658,way,Farmacia Rosa Emilia,"Osvaldo Bazil, San Cristóbal",San Cristóbal,,,,,,18.4274407,-70.0848712
way/413443217,way,Rimac,Avenida José Contreras,,,,,24/7,,18.4579794,-69.9273806
way/413470969,way,Farmacia sin nombre,Calle Recta Final,,,,,,,18.491241,-69.9220092
way/413683295,way,Las Delicias Farmacia,"Avenida Duarte, Villa Altagracia",Villa Altagracia,,,,,,18.6784802,-70.176834
way/413686001,way,Farmacia Lennon,"Avenida Duarte, Villa Altagracia",Villa Altagracia,+18095594338,,,,,18.6743923,-70.1750611
way/413686007,way,Farmacia Julia,"Avenida Duarte, Villa Altagracia",Villa Altagracia,,,,,,18.6737676,-70.1748405
way/413700098,way,Farmacia Patricia 2da,Calle Ramon Ramirez,,,,,,,18.4953978,-69.9081878
way/413704590,way,Farmacia Jose Nepo,Calle Euclides Morillo,,,,,,,18.4868041,-69.9347152
way/413706221,way,Farmacia Mora,San Juan de la Maguana,,,,,,,18.501583,-69.9186476
way/413729483,way,Farmacia Pimentel,Avenida Tiradentes,,,,,,,18.4944359,-69.9298516
way/413743546,way,Farmacia La Altagracia,"Don Luis Despradel, La Vega",La Vega,,,,,,19.2262966,-70.5317244
way/413948437,way,Puerto Rico,Calle Puerto Rico,,,,,,,18.4909279,-69.861961
way/413951391,way,Farmacia N&N,Calle 15 Padre Paules 14,,,,,,,18.4931279,-69.8741128
way/413956980,way,Farmacia Richard,"Avenida Garcia Godoy, La Vega",La Vega,,,,,,19.2227862,-70.5317657
way/413956986,way,Farmacia Sol,"Avenida Garcia Godoy, La Vega",La Vega,,,,,,19.2202158,-70.5217358
way/413956999,way,Farmacia Los Palmares,"Avenida Antonio Guzman Fdez., La Vega",La Vega,,,,,,19.2327486,-70.5303723
way/413960226,way,Super Farmacia Pueblo Nuevo,"Calle 3, San Cristóbal",San Cristóbal,,,,,,18.4077141,-70.1136322
way/413966521,way,Farmacias El Sol,"Don Luis Despradel, La Vega",La Vega,,,,,,19.2273527,-70.531681
way/413971238,way,Farmacia Geisa,,,,,,,,18.4195951,-70.0979509
way/413984923,way,Abdias,San Vicente de Paúl,,,,,,,18.5101601,-69.8644259
way/413991753,way,Farmacia Michelle,San Vincente de Paul,,,,,,,18.5042207,-69.8556275
way/413993019,way,Farma Xtra San Juan,"Avenida Sabana Larga, Santo Domingo Este",Santo Domingo Este,,,,,,18.4876137,-69.8653476
way/413997579,way,Farmacia San Luis,"Carretera Mella, Santo Domingo Este",Santo Domingo Este,,,,,,18.498474,-69.8601208
way/414002621,way,Farmacia San Miguel,"Avenida Garcia Godoy, La Vega",La Vega,,,,,,19.2198527,-70.5207963
way/414003356,way,Farmacia Europa,Avenida Venezuela,,,,,,,18.4896225,-69.869686
way/414005075,way,Farmacia Raysher,"Calle Antigua Carr Sánchez, San Cristóbal",San Cristóbal,,,,,,18.4157513,-70.090274
way/414017351,way,Farmacia Luisa Ines,"Avenida Sabana Larga, Santo Domingo Este",Santo Domingo Este,,,,,,18.4941175,-69.8652143
way/414017353,way,Farmacia Irina,"Avenida Sabana Larga, Santo Domingo Este",Santo Domingo Este,,,,,,18.494618,-69.8647753
way/414021126,way,Farmacia El Sol,"Avenida Monseñor Panal, La Vega",La Vega,,,,,,19.2258875,-70.5298903
way/414034429,way,Farmacia Cristiana,"Avenida Constitución, San Cristóbal",San Cristóbal,,,,,,18.4129439,-70.1085131
way/414041074,way,Farmacia Naturista,"Avenida General Cabral, San Cristóbal",San Cristóbal,,,,,,18.4146102,-70.1106065
way/414191422,way,Farmacia San Martin,"Calle Bernardo Aliez, San Cristóbal",San Cristóbal,,,,,,18.4087045,-70.1077604
way/414199680,way,Farmacia Gonzalez,San Vicente de Paúl,,,,,,,18.5099231,-69.8693353
way/414215057,way,Super Farmacia Los Alcarrizos,"Calle Duarte, Los Alcarrizos",Los Alcarrizos,,,,,,18.5253851,-70.0244742
way/414216351,way,Farmacia Patrone,Avenida Los Restauradores,,,,,,,18.5318765,-69.8656162
way/414216709,way,Farmacia VIP,Calle 9 Julio Cesar Martinez,,,,,,,18.4871133,-69.8586289
way/414223747,way,Farmacia Rafael,Avenida Los Restauradores,,,,,,,18.5397686,-69.8611817
way/414227243,way,Botica Comunitaria,Calle 13,,,,,,,18.5389017,-69.863162
way/414236394,way,Super Farmacia Los Alcarrizos,"Calle Duarte, Los Alcarrizos",Los Alcarrizos,,,,,,18.5246998,-70.0272887
way/414240704,way,Farmacia EL SOL Sucursal,"Avenida Imbert, La Vega",La Vega,,,,,,19.2200878,-70.5308203
way/414242538,way,Farmacia La Vega,"Avenida Monseñor Panal, La Vega",La Vega,,,,,,19.2238339,-70.5303636
way/414260454,way,Farmacia Damious,"Calle Duarte, Los Alcarrizos",Los Alcarrizos,,,,,,18.523904,-70.0315997
way/414263379,way,Farmacia,"Kennedy, Los Alcarrizos",Los Alcarrizos,,,,,,18.522687,-70.0183134
way/414276484,way,Farmacia Barak,Calle Presidente Vazquez,,,,,,,18.4889564,-69.878155
way/414454573,way,Cuestion Salud,Avenida Charles de Gaulle,,,,,,,18.5457404,-69.8954619
way/414459582,way,Farmacia Farah,Avenida Independencia,,,,,,,18.4530447,-69.9244474
way/414484288,way,Farmacia Joven,Calle Puerto Rico,,,,,,,18.4919494,-69.8713196
way/414493252,way,Farmacia sin nombre,,,,,,,,18.4642725,-69.9956715
way/414506468,way,Farmacia Yessenia,Calle Rogelio Roselle,,,,,,,18.4701721,-69.9991667
way/418400404,way,Farmacia Milagrosa,,,,,,,,18.5285834,-69.9029101
way/423954147,way,Farmacia Sorimil,,,,,,,,18.5288054,-70.0178068
way/447047692,way,farmacia yune,,,,,,,,18.0383565,-71.7446283
way/478272034,way,Pharma-Xtra,"Av. Antonio Guzmán Fernández, Santo Domingo",Santo Domingo,,,,,,18.4460611,-69.9601835
way/537250113,way,Farmacia de los pobres,,,,,,,,18.5012867,-69.8818285
way/682132753,way,Farmacia La Suiza,,,,,,,,18.4355655,-70.1241748
way/777465025,way,Los Hidalgos,,,,,,,,18.4933685,-69.7468425
way/810909279,way,Farmacia DeLoly,,,,,,,,18.5213322,-70.0076179
way/864736757,way,Farmacia la Samaritana,,,,,,,,18.6035982,-68.7145646
way/864800905,way,Farmacia sin nombre,,,,,,,,18.6100183,-68.7151193
way/865148587,way,Farmacia Melo,,,,,,,,18.6121148,-68.7150709
way/865360971,way,Farmacua las 24 horas,,,,,,,,18.6042962,-68.7152635
way/987641980,way,Farmacia sin nombre,,,,,,,,18.8163039,-68.59139
way/993494945,way,Farmacia Patrizo S.R.L.,"Calle Manolo Betances 10, Santo Domingo Este",Santo Domingo Este,,,,,,18.4850296,-69.7875875
way/1010369618,way,Farmacia del Pueblo,"Avenida La Pista, Santo Domingo Este",Santo Domingo Este,,,,,,18.5197351,-69.8175284
way/1035205470,way,Farmacia de pueblo,,,,,,,,18.5005198,-69.7860465
way/1110426216,way,Farmacia Scharimel,,,,,,,,19.6380876,-69.9064719
way/1167085854,way,Farmacia sin nombre,,,,,,,,18.4719171,-69.921858
way/1231781399,way,Farmaconal Bani,"Avenida Presidente Francisco Gregorio Billini, Baní",Baní,+18095475000,,,,,18.2788014,-70.3308607
way/1231782090,way,Farmacia San Juan,"Avenida Máximo Gómez, Baní",Baní,+18095223344,,,,,18.2804858,-70.332121
way/1246994540,way,Farmacia sin nombre,,,,,,,,18.4597331,-69.9893865
way/1269207042,way,Farmacia sin nombre,,,,,,,,18.4636671,-69.9102196
way/1271517693,way,Farmacia sin nombre,,,,,,,,18.4598407,-69.9093805
way/1303808412,way,Farmacia sin nombre,,,,,,,,18.6166101,-68.7135069
way/1359382137,way,Farmacia Moncion,,,,,,,,19.4103392,-71.1506696
way/1488471904,way,Farmacia sin nombre,,,,,,,,19.2526791,-70.3102172